phrase,total_shows,top_shows,top_phrases,dynamics_trend,regions_top
неустойка по дду,12726,12726,неустойка по дду:12726 | калькулятор неустойки по дду:5075 | расчет неустойки по дду:2475 | неустойка по дду 2026:2182 | просрочка по дду неустойка:1787 | взыскание неустойки по дду:1420 | калькулятор неустойки по дду 2026:1007 | калькулятор расчета неустойки по дду:881 | неустойка за просрочку квартиры по дду:875 | неустойка по договору дду:859 | неустойка по дду за просрочку сдачи:847 | неустойка по дду с учетом моратория:750 | неустойка за просрочку сдачи квартиры по дду:736 | неустойка по дду мораторий калькулятор:727 | калькулятор неустойки по дду с учетом моратория:712 | неустойка с застройщика по дду:698 | неустойка по срокам дду:660 | суды по неустойке дду:625 | какая неустойка по дду:612 | ставка по дду неустойка:540,,
неустойка с застройщика,4086,4086,неустойка с застройщика:4086 | взыскание неустойки с застройщика:2258 | мораторий на неустойку с застройщика:852 | неустойка с застройщика дду:733 | неустойка с застройщика 2026:655 | мораторий на взыскание неустойки с застройщика:652 | взыскание неустойки с застройщика по дду:514 | взыскание неустойки с застройщика 2026:262 | взыскание неустойки с застройщика за просрочку:234 | суд по неустойке с застройщиком:233 | неустойка с застройщика судебная практика:229 | неустойка с застройщика за нарушение:225 | неустойка с застройщика за нарушение сроков:215 | практика взыскания неустойки с застройщика:213 | взыскание неустойки с застройщика судебная:209 | взыскание неустойки с застройщика судебная практика:194 | мораторий на неустойку с застройщика в 2026:191 | взыскание неустойки с застройщика в суде:173 | неустойка с застройщика в 2026 году:173 | юрист неустойка с застройщика:148,,
взыскание неустойки с застройщика,2258,2258,взыскание неустойки с застройщика:2258 | мораторий на взыскание неустойки с застройщика:652 | взыскание неустойки с застройщика по дду:514 | взыскание неустойки с застройщика 2026:262 | взыскание неустойки с застройщика за просрочку:234 | практика взыскания неустойки с застройщика:213 | взыскание неустойки с застройщика судебная:209 | взыскание неустойки с застройщика судебная практика:194 | взыскание неустойки с застройщика в суде:173 | заявление о взыскании неустойки с застройщика:147 | исковое заявление о взыскании неустойки с застройщика:143 | исковое о взыскании неустойки с застройщика:143 | сроки взыскания неустойки с застройщика:122 | иск взыскание неустойки с застройщика:106 | мораторий на взыскание неустойки с застройщика 2026:90 | юрист по взысканию неустойки с застройщика:73 | взыскание неустойки с застройщика в 2026 году:68 | взыскание неустойки с застройщика по долевому:68 | взыскание неустойки с застройщика решение:66 | взыскание неустойки с застройщика 2025:61,,
расчет неустойки по дду,2475,2475,расчет неустойки по дду:2475 | калькулятор расчета неустойки по дду:881 | расчет неустойки по дду онлайн:298 | формула расчета неустойки по дду:280 | расчет неустойки по дду калькулятор онлайн:278 | расчет неустойки по договору дду:270 | неустойка по дду расчет ставка:243 | расчет неустойки по дду 214 фз:233 | калькулятор расчета неустойки по дду 214:217 | калькулятор расчета неустойки по дду 214 фз:215 | расчет неустойки по дду мораторий:207 | расчет неустойки за просрочку по дду:177 | расчет неустойки физического лица по дду:162 | калькулятор расчета неустойки по договору дду:149 | расчет неустойки по договору дду онлайн:110 | расчет неустойки по договору калькулятор онлайн дду:109 | расчет неустойки по дду в 2026:105 | расчет неустойки застройщика по дду:75 | расчет неустойки по дду ставке рефинансирования:55 | расчет неустойки по дду в 2026 году:45,,
калькулятор неустойки дду,6175,5075,калькулятор неустойки по дду:5075 | калькулятор неустойки по дду 2026:1007 | калькулятор расчета неустойки по дду:881 | калькулятор неустойки дду мораторий:840 | калькулятор неустойки по дду с учетом моратория:712 | калькулятор неустойки за просрочку по дду:470 | калькулятор неустойки по дду онлайн:386 | калькулятор неустойки 214 дду:308 | неустойка дду 214 фз калькулятор:302 | калькулятор неустойки по договору дду:300 | расчет неустойки по дду калькулятор онлайн:278 | калькулятор дду с учетом моратория расчет неустойки:252 | калькулятор расчета неустойки по дду 214:217 | калькулятор расчета неустойки по дду 214 фз:215 | калькулятор расчета неустойки по договору дду:149 | калькулятор неустойки по договору дду онлайн:126 | расчет неустойки по договору калькулятор онлайн дду:109 | неустойка по дду сроки калькулятор:99 | рассчитать неустойку по дду калькулятор:97 | калькулятор неустойки по дду нарушение срока:91,,
просрочка сдачи квартиры застройщиком,498,498,просрочка застройщика сдача квартиры:498 | неустойка за просрочку сдачи квартиры застройщика:135 | просрочка сдачи квартиры застройщиком по дду:111 | просрочка сдачи квартиры застройщиком по дду калькулятор:19,,
просрочка передачи квартиры по дду,205,205,просрочка передачи квартиры по дду:205 | просрочка передачи квартиры по дду неустойка:158 | ответственность за просрочку передачи квартиры по дду:5,,
задержка сдачи квартиры застройщиком,257,257,задержка сдачи квартиры застройщиком:257 | задержка сдачи квартиры застройщиком компенсация:69 | неустойка за задержку сдачи квартиры застройщиком:39 | задержка сдачи квартиры застройщиком компенсация 2026:34,,
претензия застройщику,6597,6597,претензия застройщику:6597 | срок претензии застройщику:1732 | образец претензии застройщику:1414 | досудебная претензия застройщику:1291 | претензия застройщику квартиры:1229 | претензия застройщику устранение:886 | претензия застройщик срок сдачи:811 | претензия застройщику о нарушении:735 | претензия застройщику о нарушении сроков:731 | претензия застройщику неустойка:566 | претензия застройщику о нарушении сроков сдачи:550 | претензия застройщику по недостаткам:423 | претензия застройщику по дду:412 | претензия застройщик срок сдачи квартиры:396 | претензия застройщику на устранение недостатков:364 | как написать претензию застройщику:334 | претензия застройщику квартиры образец:295 | претензия застройщику о нарушении сроков сдачи квартиры:283 | претензия застройщику по гарантии:270 | застройщик претензия по сдаче:269,,
претензия по дду,946,946,претензия по дду:946 | претензия застройщику по дду:412 | срок претензии по дду:345 | образец претензии по дду:336 | претензия по дду по неустойке:323 | претензия застройщику по дду образец:263 | досудебная претензия по дду:163 | претензии по срокам сдачи дду:161 | претензия застройщику по неустойке по дду:156 | претензия по договору дду:109 | претензия застройщику по неустойке по дду образец:99 | срок ответа на претензию по дду:46 | досудебная претензия по дду образец:33 | срок рассмотрения претензии по дду:29,,
претензия о взыскании неустойки по дду,26,,,,
иск к застройщику,912,912,иски к застройщику:912 | иск к застройщику о взыскании:147 | иск в суд к застройщику:114 | подать иск к застройщику:114 | иск о неустойке к застройщику:89 | иск к застройщику о взыскании неустойки:78 | срок иска к застройщику:69 | иск к застройщику госпошлина:68 | судебные иски к застройщику:65 | иск дольщика к застройщику:64 | подсудность исков к застройщику:41 | иск к застройщику об устранении недостатков:29 | иск к застройщику о неисполнении условий договора:15 | иск к застройщику о передаче квартиры:14 | коллективный иск к застройщику:12 | мораторий на иски к застройщику:12,,
иск о взыскании неустойки с застройщика,77,77,иск о взыскании неустойки с застройщика:77,,
суд с застройщиком,1707,1707,суд с застройщиком:1707 | суды с застройщиком решения:269 | суд по неустойке с застройщиком:233 | взыскание неустойки с застройщика в суде:173 | суды с застройщиками по дду:125 | суд с застройщиком сроки:115 | суд с застройщиком недостатки:107 | суд с застройщиком в каком суде:104 | суд с застройщиком исковое заявление:103 | арбитражный суд с застройщиком:96 | неустойка с застройщика решение суда:80 | суд с застройщиком практика:64 | суды с застройщиками по качеству:46 | суды с застройщиком москва:45 | суд взыскал с застройщика неустойку:44 | выиграть суд с застройщиком:38 | застройщик обратился в суд с иском:37 | суд дольщика с застройщиком:34 | суд с застройщиком по качеству квартиры:30 | суд с застройщиком по отделке:27,,
судебная практика по дду,524,524,судебная практика по дду:524 | судебная практика по неустойке дду:261 | судебная практика по взысканию по дду:181 | взыскание неустойки по дду судебная практика:156 | судебная практика по договору дду:79 | судебная практика по расторжению дду:64 | снижение неустойки по дду судебная практика:7,,
решения судов по дду,230,230,решения судов по дду:230 | решение суда неустойка по дду:120 | решение суда о взыскании неустойки по дду:49 | отсрочка исполнения решения суда по дду:15,,
защита прав дольщиков,759,759,защита прав дольщиков:759 | фонд защиты прав дольщиков:554 | московский фонд защиты прав дольщиков:151 | фонд защиты прав дольщиков области:61 | защита прав обманутых дольщиков:49 | сайт защиты прав дольщиков:41 | сайте фонда защиты прав дольщиков:41 | закон о защите прав дольщиков:39 | фонд защиты прав дольщиков официальный:37 | фонд защиты прав дольщиков официальный сайт:37 | защита прав потребителей дольщики:37 | защита прав дольщиков московской области:30 | фонд защиты прав дольщиков московской области:29 | защита прав дольщиков долевого строительства:27 | закон о защите прав потребителей дольщиков:26 | защита прав дольщика москва:26 | московский фонд защиты прав дольщиков сайт:24 | фонд защиты прав обманутых дольщиков:24 | фонд защиты прав дольщиков хмао:23 | региональные фонды защиты прав дольщиков:23,,
нарушение срока передачи квартиры,557,557,нарушение сроков передачи квартиры:557 | неустойка за нарушение сроков передачи квартиры:283 | нарушение сроков передачи квартиры по дду:122 | претензия застройщику за нарушение сроков передачи квартиры:24 | рассчитать неустойку за нарушение сроков передачи квартиры:11,,
расторжение дду,3030,3030,расторжение дду:3030 | расторжение договора дду:690 | расторжение дду застройщиком:492 | расторжение дду дольщиком:443 | расторжение дду инициативе:326 | одностороннее расторжение дду:315 | расторжение эскроу дду:291 | порядок расторжения дду:268 | расторжение дду по инициативе дольщика:253 | расторжение дду в одностороннем порядке:228 | расторжение дду эскроу счетом:209 | образец расторжения дду:171 | росреестр расторжение дду:166 | соглашение о расторжении дду:153 | расторжение дду по соглашению сторон:146 | расторжение дду 214:144 | уведомление о расторжении дду:140 | фз 214 расторжение дду:135 | регистрация расторжения дду:125 | проценты при расторжении дду:123,,
возврат денег по дду,35,35,возврат денег по дду:35,,
недостатки квартиры по дду,148,148,недостатки квартиры по дду:148,,
акт приема передачи квартиры с недостатками,33,33,акт приема передачи квартиры с недостатками:33,,
устранение недостатков квартиры застройщиком,481,481,устранение недостатков квартиры застройщиком:481 | устранение недостатков квартиры застройщиком сроки:105 | заявление на устранение недостатков в квартире застройщику:27 | срок устранения недостатков застройщиком при приемке квартиры:26 | доступ застройщику для устранения недостатков в квартире:11,,
взыскание расходов на устранение недостатков квартиры,18,,,,
уменьшение цены квартиры по дду,3,,,,
гарантия застройщика на квартиру,251,251,гарантия застройщика на квартиру:251 | сколько гарантия застройщика на квартиру:57 | срок гарантии на квартиру от застройщика:21,,
площадь квартиры меньше дду,48,21,площадь квартиры меньше чем в дду:21,,
доплата за лишние метры по дду,6,,,,
возврат денег за недостающие метры,5,,,,
банкротство застройщика дду,66,66,дду банкротство застройщика:66,,
эскроу дду,2358,2358,дду эскроу:2358 | дду и эскроу счета:394 | расторжение эскроу дду:291 | договор дду с эскроу:222 | расторжение дду эскроу счетом:209 | договор дду с эскроу счетом:185 | дду через эскроу:128 | дду через эскроу счета:92 | дду без эскроу:82 | как расторгнуть договор дду с эскроу:61 | дду без эскроу счета:58 | переуступка дду эскроу:55 | эскроу ожидает регистрации дду:44 | дду с эскроу образец:42 | счет эскроу ожидает регистрации дду:40 | можно ли расторгнуть дду с эскроу:38 | расчеты по эскроу дду:34 | расторжение дду эскроу ипотека:31 | образец дду с эскроу счетом:27 | порядок расторжения дду эскроу:26,,
застройщик не передает квартиру,345,345,застройщик не передает квартиру:345 | застройщик не передает квартиру дольщику:59 | застройщик не передал квартиру в срок:50,,
моральный вред с застройщика,47,47,моральный вред с застройщика:47 | взыскание морального вреда с застройщика:23,,
штраф с застройщика 50 процентов,12,,,,
потребительский штраф с застройщика,3,,,,
